id,comment_text,photo_id,user_id,created_at
1,unde at dolorem,1,2,4/4/2023 11:31
2,quae ea ducimus,1,3,4/4/2023 11:31
3,alias a voluptatum,1,5,4/4/2023 11:31
4,facere suscipit sunt,1,14,4/4/2023 11:31
5,totam eligendi quaerat,1,17,4/4/2023 11:31
6,vitae quia aliquam,1,21,4/4/2023 11:31
7,exercitationem occaecati neque,1,24,4/4/2023 11:31
8,sint ad fugiat,1,31,4/4/2023 11:31
9,nesciunt aut nesciunt,1,36,4/4/2023 11:31
10,laudantium ut nostrum,1,41,4/4/2023 11:31
11,omnis aut asperiores,1,52,4/4/2023 11:31
12,et eum molestias,1,54,4/4/2023 11:31
13,alias pariatur neque,1,55,4/4/2023 11:31
14,amet iure adipisci,1,57,4/4/2023 11:31
15,cum enim repellat,1,62,4/4/2023 11:31
16,provident dolorem non,1,63,4/4/2023 11:31
17,eos consequuntur impedit,1,66,4/4/2023 11:31
18,voluptas nemo blanditiis,1,71,4/4/2023 11:31
19,id fugit dolores,1,72,4/4/2023 11:31
20,occaecati tenetur exercitationem,1,75,4/4/2023 11:31
21,quasi deserunt voluptates,1,76,4/4/2023 11:31
22,reprehenderit sunt cumque,1,78,4/4/2023 11:31
23,non impedit ut,1,87,4/4/2023 11:31
24,voluptatum sit id,1,91,4/4/2023 11:31
25,tenetur voluptas aspernatur,1,98,4/4/2023 11:31
26,in veritatis quia,2,3,4/4/2023 11:31
27,quis facilis ea,2,5,4/4/2023 11:31
28,quia est sit,2,14,4/4/2023 11:31
29,voluptatem doloremque accusamus,2,15,4/4/2023 11:31
30,consectetur inventore quis,2,18,4/4/2023 11:31
31,sunt dolorem reprehenderit,2,19,4/4/2023 11:31
32,omnis omnis nulla,2,21,4/4/2023 11:31
33,ullam in facilis,2,24,4/4/2023 11:31
34,possimus consequuntur occaecati,2,28,4/4/2023 11:31
35,voluptas dicta aut,2,30,4/4/2023 11:31
36,explicabo qui ipsum,2,31,4/4/2023 11:31
37,qui pariatur dolor,2,35,4/4/2023 11:31
38,ratione debitis laborum,2,36,4/4/2023 11:31
39,voluptate id dignissimos,2,41,4/4/2023 11:31
40,tempore quod possimus,2,42,4/4/2023 11:31
41,corporis ut necessitatibus,2,43,4/4/2023 11:31
42,culpa aut aut,2,47,4/4/2023 11:31
43,rem quia et,2,48,4/4/2023 11:31
44,eaque dolor velit,2,54,4/4/2023 11:31
45,non odit rerum,2,57,4/4/2023 11:31
46,accusamus nobis quod,2,60,4/4/2023 11:31
47,beatae dicta recusandae,2,65,4/4/2023 11:31
48,culpa a ut,2,66,4/4/2023 11:31
49,quis aliquam velit,2,71,4/4/2023 11:31
50,aspernatur occaecati tempore,2,75,4/4/2023 11:31
51,vel eos et,2,76,4/4/2023 11:31
52,quam fugiat tempore,2,82,4/4/2023 11:31
53,dolor alias aut,2,85,4/4/2023 11:31
54,ut in eaque,2,87,4/4/2023 11:31
55,totam nostrum dicta,2,91,4/4/2023 11:31
56,in saepe sit,2,95,4/4/2023 11:31
57,necessitatibus ipsam et,3,5,4/4/2023 11:31
58,non reiciendis nam,3,14,4/4/2023 11:31
59,modi magnam quia,3,15,4/4/2023 11:31
60,architecto tempora natus,3,21,4/4/2023 11:31
61,molestiae iure ullam,3,24,4/4/2023 11:31
62,adipisci aut dicta,3,27,4/4/2023 11:31
63,quia dolores voluptatem,3,35,4/4/2023 11:31
64,incidunt suscipit et,3,36,4/4/2023 11:31
65,rerum vel ut,3,37,4/4/2023 11:31
66,aperiam delectus odio,3,38,4/4/2023 11:31
67,dicta inventore ea,3,41,4/4/2023 11:31
68,quos est quia,3,43,4/4/2023 11:31
69,minima est odio,3,44,4/4/2023 11:31
70,libero odit aut,3,50,4/4/2023 11:31
71,quia et quod,3,54,4/4/2023 11:31
72,nobis pariatur qui,3,57,4/4/2023 11:31
73,nostrum fugiat et,3,62,4/4/2023 11:31
74,iusto et eius,3,63,4/4/2023 11:31
75,et placeat ipsam,3,66,4/4/2023 11:31
76,placeat repudiandae sit,3,67,4/4/2023 11:31
77,natus sit harum,3,70,4/4/2023 11:31
78,consectetur qui at,3,71,4/4/2023 11:31
79,reiciendis reiciendis ad,3,75,4/4/2023 11:31
80,dolores accusantium sint,3,76,4/4/2023 11:31
81,cum adipisci alias,3,79,4/4/2023 11:31
82,facere dicta est,3,91,4/4/2023 11:31
83,temporibus qui error,3,97,4/4/2023 11:31
84,aut rem officia,4,5,4/4/2023 11:31
85,rerum ea harum,4,6,4/4/2023 11:31
86,laboriosam eos a,4,8,4/4/2023 11:31
87,laboriosam aut occaecati,4,11,4/4/2023 11:31
88,alias sapiente dolore,4,14,4/4/2023 11:31
89,aut voluptatem distinctio,4,15,4/4/2023 11:31
90,error voluptatum eius,4,18,4/4/2023 11:31
91,magni magni aspernatur,4,20,4/4/2023 11:31
92,laboriosam quidem numquam,4,21,4/4/2023 11:31
93,ut possimus distinctio,4,22,4/4/2023 11:31
94,molestiae veritatis aut,4,24,4/4/2023 11:31
95,vitae iusto labore,4,26,4/4/2023 11:31
96,id assumenda excepturi,4,33,4/4/2023 11:31
97,animi ea distinctio,4,36,4/4/2023 11:31
98,eaque sint veritatis,4,41,4/4/2023 11:31
99,expedita exercitationem officiis,4,42,4/4/2023 11:31
100,cupiditate qui facere,4,47,4/4/2023 11:31
101,est ut quisquam,4,50,4/4/2023 11:31
102,provident et vel,4,54,4/4/2023 11:31
103,similique autem quia,4,57,4/4/2023 11:31
104,dolorum exercitationem tempora,4,66,4/4/2023 11:31
105,incidunt aut perspiciatis,4,67,4/4/2023 11:31
106,occaecati assumenda voluptas,4,71,4/4/2023 11:31
107,vel ipsam ut,4,75,4/4/2023 11:31
108,ea autem assumenda,4,76,4/4/2023 11:31
109,quia facilis non,4,79,4/4/2023 11:31
110,perspiciatis et sit,4,85,4/4/2023 11:31
111,voluptatem possimus ea,4,91,4/4/2023 11:31
112,molestiae perferendis quaerat,4,95,4/4/2023 11:31
113,error consectetur dolor,4,97,4/4/2023 11:31
114,molestiae quia pariatur,4,98,4/4/2023 11:31
115,quia omnis ab,4,100,4/4/2023 11:31
116,doloremque sit totam,5,5,4/4/2023 11:31
117,aliquid at eum,5,14,4/4/2023 11:31
118,at est ipsam,5,17,4/4/2023 11:31
119,optio quidem dolor,5,21,4/4/2023 11:31
120,dolores voluptates sit,5,22,4/4/2023 11:31
121,molestiae hic est,5,24,4/4/2023 11:31
122,possimus quia adipisci,5,26,4/4/2023 11:31
123,nostrum modi minima,5,28,4/4/2023 11:31
124,aperiam sint aut,5,36,4/4/2023 11:31
125,iusto tempora at,5,41,4/4/2023 11:31
126,quae et ratione,5,42,4/4/2023 11:31
127,consequatur magnam ut,5,44,4/4/2023 11:31
128,perspiciatis dolorum ad,5,48,4/4/2023 11:31
129,ipsa excepturi neque,5,54,4/4/2023 11:31
130,explicabo nulla sed,5,57,4/4/2023 11:31
131,nihil voluptas eligendi,5,60,4/4/2023 11:31
132,porro doloribus corporis,5,66,4/4/2023 11:31
133,libero ut eveniet,5,71,4/4/2023 11:31
134,enim ut et,5,72,4/4/2023 11:31
135,non cumque aliquam,5,75,4/4/2023 11:31
136,rerum amet assumenda,5,76,4/4/2023 11:31
137,omnis nihil eligendi,5,79,4/4/2023 11:31
138,officiis nulla beatae,5,84,4/4/2023 11:31
139,vitae qui voluptates,5,91,4/4/2023 11:31
140,ut non ipsam,5,94,4/4/2023 11:31
141,nostrum nam et,5,95,4/4/2023 11:31
142,rerum repellendus voluptas,5,97,4/4/2023 11:31
143,modi ut unde,6,5,4/4/2023 11:31
144,illum rem dignissimos,6,6,4/4/2023 11:31
145,vero quis aliquam,6,11,4/4/2023 11:31
146,ipsam numquam iure,6,14,4/4/2023 11:31
147,atque porro cum,6,19,4/4/2023 11:31
148,delectus delectus qui,6,21,4/4/2023 11:31
149,quisquam itaque quisquam,6,24,4/4/2023 11:31
150,voluptatem error repellendus,6,26,4/4/2023 11:31
151,provident facilis esse,6,36,4/4/2023 11:31
152,sed quia iure,6,41,4/4/2023 11:31
153,incidunt ipsum voluptatem,6,46,4/4/2023 11:31
154,eveniet reprehenderit repellendus,6,47,4/4/2023 11:31
155,quo veritatis error,6,52,4/4/2023 11:31
156,vel quasi vel,6,54,4/4/2023 11:31
157,ullam ullam nam,6,57,4/4/2023 11:31
158,rerum deserunt nisi,6,61,4/4/2023 11:31
159,voluptatem id molestiae,6,62,4/4/2023 11:31
160,consequuntur accusamus eligendi,6,66,4/4/2023 11:31
161,velit fuga voluptates,6,71,4/4/2023 11:31
162,consequatur provident ratione,6,73,4/4/2023 11:31
163,impedit explicabo veniam,6,75,4/4/2023 11:31
164,magnam tempora voluptas,6,76,4/4/2023 11:31
165,aliquam ut architecto,6,78,4/4/2023 11:31
166,qui error ut,6,84,4/4/2023 11:31
167,consectetur quia perferendis,6,91,4/4/2023 11:31
168,autem atque nam,6,93,4/4/2023 11:31
169,nulla laboriosam deserunt,6,97,4/4/2023 11:31
170,qui deleniti incidunt,6,99,4/4/2023 11:31
171,sed voluptas esse,6,100,4/4/2023 11:31
172,ea nam laudantium,7,5,4/4/2023 11:31
173,veritatis aliquam occaecati,7,9,4/4/2023 11:31
174,vel quo voluptatem,7,10,4/4/2023 11:31
175,ut ut quisquam,7,11,4/4/2023 11:31
176,repellat quod odio,7,14,4/4/2023 11:31
177,porro magnam perspiciatis,7,19,4/4/2023 11:31
178,quo ex quis,7,21,4/4/2023 11:31
179,sunt deleniti delectus,7,24,4/4/2023 11:31
180,dignissimos facilis consequatur,7,27,4/4/2023 11:31
181,est repellat dolore,7,33,4/4/2023 11:31
182,impedit quia enim,7,36,4/4/2023 11:31
183,porro pariatur omnis,7,40,4/4/2023 11:31
184,alias dolore sed,7,41,4/4/2023 11:31
185,asperiores ipsum ipsam,7,42,4/4/2023 11:31
186,quos ut deserunt,7,54,4/4/2023 11:31
187,assumenda dolorem similique,7,56,4/4/2023 11:31
188,rem voluptas laboriosam,7,57,4/4/2023 11:31
189,similique quisquam similique,7,63,4/4/2023 11:31
190,dolorem tempore iusto,7,66,4/4/2023 11:31
191,natus minima veritatis,7,70,4/4/2023 11:31
192,repellat ut est,7,71,4/4/2023 11:31
193,excepturi consequatur qui,7,75,4/4/2023 11:31
194,sapiente adipisci aliquam,7,76,4/4/2023 11:31
195,et quidem iusto,7,87,4/4/2023 11:31
196,recusandae quos laudantium,7,91,4/4/2023 11:31
197,fugiat ipsa molestiae,7,92,4/4/2023 11:31
198,doloribus porro neque,7,97,4/4/2023 11:31
199,debitis id ullam,8,2,4/4/2023 11:31
200,ad exercitationem qui,8,5,4/4/2023 11:31
201,tenetur ab quia,8,8,4/4/2023 11:31
202,dolores dolor voluptates,8,14,4/4/2023 11:31
203,ad soluta eveniet,8,17,4/4/2023 11:31
204,eum dicta temporibus,8,19,4/4/2023 11:31
205,iusto quibusdam quo,8,21,4/4/2023 11:31
206,laboriosam illum nobis,8,24,4/4/2023 11:31
207,ad consequatur id,8,27,4/4/2023 11:31
208,dolorem non explicabo,8,30,4/4/2023 11:31
209,magni nobis voluptas,8,32,4/4/2023 11:31
210,occaecati quia recusandae,8,33,4/4/2023 11:31
211,eaque dolore quaerat,8,36,4/4/2023 11:31
212,eum voluptatem non,8,37,4/4/2023 11:31
213,sequi veritatis sint,8,39,4/4/2023 11:31
214,fugiat ipsam rerum,8,41,4/4/2023 11:31
215,iure est error,8,43,4/4/2023 11:31
216,dolores ab cum,8,44,4/4/2023 11:31
217,rem occaecati autem,8,46,4/4/2023 11:31
218,magni ea temporibus,8,52,4/4/2023 11:31
219,voluptas neque possimus,8,54,4/4/2023 11:31
220,ut quia ipsam,8,56,4/4/2023 11:31
221,non dolor reiciendis,8,57,4/4/2023 11:31
222,ex nesciunt ex,8,63,4/4/2023 11:31
223,animi earum explicabo,8,66,4/4/2023 11:31
224,est numquam repellendus,8,71,4/4/2023 11:31
225,ullam ut porro,8,72,4/4/2023 11:31
226,ea fuga occaecati,8,73,4/4/2023 11:31
227,laboriosam ratione excepturi,8,75,4/4/2023 11:31
228,voluptatem in ut,8,76,4/4/2023 11:31
229,sequi nobis placeat,8,82,4/4/2023 11:31
230,voluptate labore sunt,8,84,4/4/2023 11:31
231,quos modi est,8,85,4/4/2023 11:31
232,veritatis odit sit,8,91,4/4/2023 11:31
233,nostrum omnis maxime,8,93,4/4/2023 11:31
234,est modi exercitationem,8,94,4/4/2023 11:31
235,ullam totam quia,8,96,4/4/2023 11:31
236,impedit enim quis,8,100,4/4/2023 11:31
237,earum et dolorem,9,2,4/4/2023 11:31
238,et qui dolorem,9,3,4/4/2023 11:31
239,iure eveniet laboriosam,9,5,4/4/2023 11:31
240,vel dicta voluptate,9,14,4/4/2023 11:31
241,ut illum optio,9,19,4/4/2023 11:31
242,rerum doloribus voluptas,9,21,4/4/2023 11:31
243,quia nobis rerum,9,24,4/4/2023 11:31
244,tempore nihil qui,9,26,4/4/2023 11:31
245,neque ipsam nemo,9,36,4/4/2023 11:31
246,a deserunt suscipit,9,40,4/4/2023 11:31
247,accusantium aliquid perspiciatis,9,41,4/4/2023 11:31
248,odio aut non,9,50,4/4/2023 11:31
249,blanditiis qui reiciendis,9,54,4/4/2023 11:31
250,voluptatibus sit iure,9,57,4/4/2023 11:31
251,minus quos eum,9,61,4/4/2023 11:31
252,ipsam dolor amet,9,65,4/4/2023 11:31
253,ullam voluptas dolorem,9,66,4/4/2023 11:31
254,esse esse porro,9,69,4/4/2023 11:31
255,et velit et,9,71,4/4/2023 11:31
256,voluptatem ut quasi,9,75,4/4/2023 11:31
257,et facere soluta,9,76,4/4/2023 11:31
258,similique facere maiores,9,85,4/4/2023 11:31
259,officia ut voluptatem,9,91,4/4/2023 11:31
260,debitis nisi doloremque,9,95,4/4/2023 11:31
261,et non odio,9,98,4/4/2023 11:31
262,iure veniam corporis,10,2,4/4/2023 11:31
263,explicabo qui sit,10,5,4/4/2023 11:31
264,quis autem qui,10,9,4/4/2023 11:31
265,pariatur maxime voluptatem,10,12,4/4/2023 11:31
266,voluptatem rerum vel,10,14,4/4/2023 11:31
267,magnam ut dolore,10,21,4/4/2023 11:31
268,soluta ipsum iusto,10,24,4/4/2023 11:31
269,nihil eligendi quia,10,26,4/4/2023 11:31
270,commodi aspernatur tempora,10,36,4/4/2023 11:31
271,sint et aliquid,10,38,4/4/2023 11:31
272,dolor quisquam ut,10,41,4/4/2023 11:31
273,doloribus aut ut,10,46,4/4/2023 11:31
274,excepturi et quaerat,10,54,4/4/2023 11:31
275,soluta voluptate iste,10,57,4/4/2023 11:31
276,veniam nihil saepe,10,66,4/4/2023 11:31
277,et illo ratione,10,67,4/4/2023 11:31
278,minus qui nobis,10,71,4/4/2023 11:31
279,hic repudiandae voluptates,10,73,4/4/2023 11:31
280,pariatur eaque ratione,10,75,4/4/2023 11:31
281,qui eveniet aliquam,10,76,4/4/2023 11:31
282,corporis explicabo temporibus,10,84,4/4/2023 11:31
283,illo tempora sunt,10,87,4/4/2023 11:31
284,est iure sed,10,91,4/4/2023 11:31
285,iusto aliquid ut,10,100,4/4/2023 11:31
286,consectetur iste ex,11,3,4/4/2023 11:31
287,rerum et omnis,11,5,4/4/2023 11:31
288,doloribus cupiditate eos,11,14,4/4/2023 11:31
289,sequi corrupti beatae,11,20,4/4/2023 11:31
290,ipsum suscipit blanditiis,11,21,4/4/2023 11:31
291,placeat est dolore,11,24,4/4/2023 11:31
292,quae perspiciatis in,11,27,4/4/2023 11:31
293,voluptatibus aut ut,11,31,4/4/2023 11:31
294,ut voluptatem minus,11,36,4/4/2023 11:31
295,repellat dolorum alias,11,38,4/4/2023 11:31
296,modi suscipit voluptatum,11,41,4/4/2023 11:31
297,neque excepturi veritatis,11,50,4/4/2023 11:31
298,vel ut iste,11,52,4/4/2023 11:31
299,voluptatum culpa vero,11,54,4/4/2023 11:31
300,corporis eius neque,11,55,4/4/2023 11:31
301,corporis et aliquid,11,57,4/4/2023 11:31
302,molestiae cumque culpa,11,66,4/4/2023 11:31
303,molestiae dolor exercitationem,11,71,4/4/2023 11:31
304,ut quia voluptate,11,73,4/4/2023 11:31
305,illo dolor qui,11,75,4/4/2023 11:31
306,eos consectetur reiciendis,11,76,4/4/2023 11:31
307,quia et inventore,11,78,4/4/2023 11:31
308,cumque quibusdam veniam,11,82,4/4/2023 11:31
309,eum voluptas enim,11,84,4/4/2023 11:31
310,quos numquam quia,11,91,4/4/2023 11:31
311,ut dolore maxime,11,92,4/4/2023 11:31
312,eos et saepe,11,99,4/4/2023 11:31
313,sit quis fugiat,12,5,4/4/2023 11:31
314,vitae cum qui,12,14,4/4/2023 11:31
315,corrupti ut repellendus,12,17,4/4/2023 11:31
316,atque minima fuga,12,18,4/4/2023 11:31
317,aut molestias accusamus,12,21,4/4/2023 11:31
318,saepe nihil quisquam,12,22,4/4/2023 11:31
319,sed perferendis et,12,24,4/4/2023 11:31
320,atque perferendis eius,12,32,4/4/2023 11:31
321,reprehenderit nihil doloremque,12,36,4/4/2023 11:31
322,voluptatem distinctio placeat,12,37,4/4/2023 11:31
323,at aut ipsam,12,38,4/4/2023 11:31
324,eos fugit asperiores,12,40,4/4/2023 11:31
325,et consequatur ipsum,12,41,4/4/2023 11:31
326,a animi aut,12,44,4/4/2023 11:31
327,nihil incidunt culpa,12,54,4/4/2023 11:31
328,non cum totam,12,57,4/4/2023 11:31
329,iure minima sit,12,63,4/4/2023 11:31
330,ut consequuntur quidem,12,66,4/4/2023 11:31
331,quae est debitis,12,69,4/4/2023 11:31
332,quidem reprehenderit excepturi,12,71,4/4/2023 11:31
333,cum facilis incidunt,12,73,4/4/2023 11:31
334,accusamus iste fuga,12,75,4/4/2023 11:31
335,eligendi error beatae,12,76,4/4/2023 11:31
336,reprehenderit dicta et,12,78,4/4/2023 11:31
337,est quibusdam necessitatibus,12,91,4/4/2023 11:31
338,vel laboriosam consectetur,12,98,4/4/2023 11:31
339,sit provident quis,12,99,4/4/2023 11:31
340,unde magnam est,13,2,4/4/2023 11:31
341,repellendus iste eos,13,5,4/4/2023 11:31
342,tempore debitis ad,13,9,4/4/2023 11:31
343,sint in officia,13,10,4/4/2023 11:31
344,deserunt libero dolor,13,12,4/4/2023 11:31
345,vitae quia est,13,13,4/4/2023 11:31
346,aliquid distinctio reprehenderit,13,14,4/4/2023 11:31
347,et sapiente ullam,13,16,4/4/2023 11:31
348,ab delectus nam,13,17,4/4/2023 11:31
349,omnis quo dignissimos,13,21,4/4/2023 11:31
350,perferendis possimus officiis,13,24,4/4/2023 11:31
351,facere eum harum,13,28,4/4/2023 11:31
352,officia atque ut,13,31,4/4/2023 11:31
353,debitis a placeat,13,32,4/4/2023 11:31
354,ut vel pariatur,13,35,4/4/2023 11:31
355,fugit neque nesciunt,13,36,4/4/2023 11:31
356,doloremque expedita et,13,39,4/4/2023 11:31
357,illo rerum aliquam,13,41,4/4/2023 11:31
358,earum ut eius,13,47,4/4/2023 11:31
359,tempora unde veniam,13,50,4/4/2023 11:31
360,ea dolore occaecati,13,52,4/4/2023 11:31
361,suscipit vel excepturi,13,54,4/4/2023 11:31
362,in debitis assumenda,13,57,4/4/2023 11:31
363,libero consequatur ullam,13,60,4/4/2023 11:31
364,iste et voluptatum,13,62,4/4/2023 11:31
365,laudantium earum quia,13,65,4/4/2023 11:31
366,voluptatibus natus ut,13,66,4/4/2023 11:31
367,eos eum pariatur,13,70,4/4/2023 11:31
368,velit est dignissimos,13,71,4/4/2023 11:31
369,illo nisi voluptatibus,13,73,4/4/2023 11:31
370,tenetur cum sapiente,13,75,4/4/2023 11:31
371,excepturi autem aut,13,76,4/4/2023 11:31
372,iure ducimus ea,13,79,4/4/2023 11:31
373,est architecto corrupti,13,82,4/4/2023 11:31
374,ullam et cum,13,91,4/4/2023 11:31
375,impedit cumque exercitationem,13,93,4/4/2023 11:31
376,aut vel minus,13,94,4/4/2023 11:31
377,est assumenda et,13,98,4/4/2023 11:31
378,minus consequatur doloremque,13,99,4/4/2023 11:31
379,omnis esse necessitatibus,14,5,4/4/2023 11:31
380,enim quia similique,14,14,4/4/2023 11:31
381,aut tempora quos,14,15,4/4/2023 11:31
382,consectetur dolorem voluptatem,14,21,4/4/2023 11:31
383,officiis ut non,14,22,4/4/2023 11:31
384,inventore aspernatur voluptatibus,14,24,4/4/2023 11:31
385,sunt delectus iusto,14,30,4/4/2023 11:31
386,quis earum sed,14,32,4/4/2023 11:31
387,quis facere deleniti,14,35,4/4/2023 11:31
388,voluptas culpa quod,14,36,4/4/2023 11:31
389,quos facere maxime,14,41,4/4/2023 11:31
390,optio culpa veritatis,14,46,4/4/2023 11:31
391,animi dolorum soluta,14,52,4/4/2023 11:31
392,sint veritatis ut,14,54,4/4/2023 11:31
393,ratione non minima,14,57,4/4/2023 11:31
394,dolorem nesciunt debitis,14,66,4/4/2023 11:31
395,ut ea pariatur,14,69,4/4/2023 11:31
396,esse earum et,14,71,4/4/2023 11:31
397,quibusdam officia veniam,14,75,4/4/2023 11:31
398,praesentium dolorum aspernatur,14,76,4/4/2023 11:31
399,aliquid quos dolorem,14,87,4/4/2023 11:31
400,libero tempora odio,14,91,4/4/2023 11:31
401,minima quod nostrum,14,92,4/4/2023 11:31
402,beatae repellendus voluptas,14,94,4/4/2023 11:31
403,enim hic aut,14,98,4/4/2023 11:31
404,enim beatae id,14,99,4/4/2023 11:31
405,illo quibusdam a,14,100,4/4/2023 11:31
406,et commodi dicta,15,4,4/4/2023 11:31
407,quo molestiae nemo,15,5,4/4/2023 11:31
408,labore delectus rerum,15,9,4/4/2023 11:31
409,qui voluptates pariatur,15,13,4/4/2023 11:31
410,expedita sunt rerum,15,14,4/4/2023 11:31
411,et id qui,15,21,4/4/2023 11:31
412,labore enim ut,15,22,4/4/2023 11:31
413,labore voluptas ab,15,24,4/4/2023 11:31
414,in quaerat facere,15,28,4/4/2023 11:31
415,doloremque commodi rem,15,32,4/4/2023 11:31
416,beatae assumenda in,15,35,4/4/2023 11:31
417,qui occaecati occaecati,15,36,4/4/2023 11:31
418,totam vero ut,15,37,4/4/2023 11:31
419,optio ut explicabo,15,41,4/4/2023 11:31
420,aut quia nostrum,15,44,4/4/2023 11:31
421,culpa veniam quia,15,46,4/4/2023 11:31
422,sit sint sapiente,15,52,4/4/2023 11:31
423,ea voluptas aut,15,54,4/4/2023 11:31
424,maxime quia porro,15,57,4/4/2023 11:31
425,quas nobis aspernatur,15,63,4/4/2023 11:31
426,et molestiae non,15,66,4/4/2023 11:31
427,enim perferendis eum,15,71,4/4/2023 11:31
428,animi dolor numquam,15,72,4/4/2023 11:31
429,in veritatis cupiditate,15,75,4/4/2023 11:31
430,et modi voluptatem,15,76,4/4/2023 11:31
431,dolorem non fugiat,15,87,4/4/2023 11:31
432,quam non sit,15,91,4/4/2023 11:31
433,et illo facilis,15,96,4/4/2023 11:31
434,ipsum maxime sapiente,16,5,4/4/2023 11:31
435,nesciunt voluptas velit,16,11,4/4/2023 11:31
436,rerum id debitis,16,14,4/4/2023 11:31
437,accusamus ducimus sunt,16,18,4/4/2023 11:31
438,ipsam tempore aut,16,21,4/4/2023 11:31
439,esse quo eveniet,16,24,4/4/2023 11:31
440,a tenetur rem,16,31,4/4/2023 11:31
441,delectus alias vel,16,36,4/4/2023 11:31
442,omnis pariatur doloremque,16,41,4/4/2023 11:31
443,et ut nihil,16,42,4/4/2023 11:31
444,nihil reiciendis laboriosam,16,54,4/4/2023 11:31
445,et et nemo,16,57,4/4/2023 11:31
446,nesciunt voluptatum est,16,62,4/4/2023 11:31
447,unde in quos,16,63,4/4/2023 11:31
448,ipsam distinctio quidem,16,66,4/4/2023 11:31
449,quis autem dolore,16,70,4/4/2023 11:31
450,dolore et quibusdam,16,71,4/4/2023 11:31
451,est accusantium iste,16,73,4/4/2023 11:31
452,dolore commodi animi,16,75,4/4/2023 11:31
453,repellendus expedita velit,16,76,4/4/2023 11:31
454,odio alias tenetur,16,82,4/4/2023 11:31
455,illo corrupti debitis,16,91,4/4/2023 11:31
456,eveniet odit repudiandae,17,5,4/4/2023 11:31
457,ipsam et tempora,17,14,4/4/2023 11:31
458,perspiciatis est facere,17,19,4/4/2023 11:31
459,et hic magni,17,21,4/4/2023 11:31
460,repellendus non aperiam,17,24,4/4/2023 11:31
461,quia voluptatibus exercitationem,17,26,4/4/2023 11:31
462,dolorem cumque qui,17,30,4/4/2023 11:31
463,ea aut rerum,17,31,4/4/2023 11:31
464,hic aut voluptates,17,33,4/4/2023 11:31
465,unde accusamus sint,17,36,4/4/2023 11:31
466,unde similique in,17,39,4/4/2023 11:31
467,consequatur culpa ducimus,17,40,4/4/2023 11:31
468,molestias voluptatem et,17,41,4/4/2023 11:31
469,pariatur iusto beatae,17,54,4/4/2023 11:31
470,voluptates qui saepe,17,57,4/4/2023 11:31
471,autem aut tempore,17,66,4/4/2023 11:31
472,et qui nulla,17,71,4/4/2023 11:31
473,soluta recusandae nemo,17,75,4/4/2023 11:31
474,optio praesentium id,17,76,4/4/2023 11:31
475,est aut fuga,17,84,4/4/2023 11:31
476,a velit blanditiis,17,87,4/4/2023 11:31
477,laudantium temporibus quis,17,91,4/4/2023 11:31
478,adipisci eos labore,17,96,4/4/2023 11:31
479,deleniti corrupti illum,18,5,4/4/2023 11:31
480,porro aut doloremque,18,14,4/4/2023 11:31
481,nihil ut soluta,18,16,4/4/2023 11:31
482,voluptatem quo quidem,18,18,4/4/2023 11:31
483,quia repellendus qui,18,21,4/4/2023 11:31
484,quaerat consectetur et,18,22,4/4/2023 11:31
485,et illo illum,18,24,4/4/2023 11:31
486,qui eveniet corporis,18,26,4/4/2023 11:31
487,vero similique accusantium,18,30,4/4/2023 11:31
488,quos itaque id,18,32,4/4/2023 11:31
489,consectetur et vel,18,36,4/4/2023 11:31
490,modi consequatur explicabo,18,41,4/4/2023 11:31
491,veniam tenetur vel,18,43,4/4/2023 11:31
492,autem fugiat illo,18,44,4/4/2023 11:31
493,ut ducimus dicta,18,48,4/4/2023 11:31
494,id ab ipsum,18,54,4/4/2023 11:31
495,fugit aspernatur saepe,18,55,4/4/2023 11:31
496,itaque dolorem autem,18,57,4/4/2023 11:31
497,sapiente ea nemo,18,66,4/4/2023 11:31
498,atque aliquid facere,18,71,4/4/2023 11:31
499,eaque inventore doloribus,18,75,4/4/2023 11:31
500,dolor est distinctio,18,76,4/4/2023 11:31
501,consequatur expedita magni,18,82,4/4/2023 11:31
502,optio ex alias,18,84,4/4/2023 11:31
503,molestias alias reprehenderit,18,91,4/4/2023 11:31
504,aperiam facilis fugiat,18,92,4/4/2023 11:31
505,atque tempore beatae,18,97,4/4/2023 11:31
506,culpa id ut,19,3,4/4/2023 11:31
507,et aspernatur deleniti,19,5,4/4/2023 11:31
508,vero fuga iure,19,11,4/4/2023 11:31
509,illum quo quis,19,12,4/4/2023 11:31
510,corporis ut corporis,19,14,4/4/2023 11:31
511,magnam aut sit,19,17,4/4/2023 11:31
512,dolores fugit nihil,19,18,4/4/2023 11:31
513,ipsum aut rerum,19,19,4/4/2023 11:31
514,vel laborum error,19,21,4/4/2023 11:31
515,autem sit cumque,19,22,4/4/2023 11:31
516,natus ut et,19,24,4/4/2023 11:31
517,quia perferendis minus,19,26,4/4/2023 11:31
518,architecto aliquid rerum,19,35,4/4/2023 11:31
519,dignissimos nisi reiciendis,19,36,4/4/2023 11:31
520,suscipit inventore eligendi,19,41,4/4/2023 11:31
521,quia occaecati quis,19,47,4/4/2023 11:31
522,perspiciatis ut molestiae,19,48,4/4/2023 11:31
523,sint vitae atque,19,54,4/4/2023 11:31
524,et ipsam vitae,19,56,4/4/2023 11:31
525,et eum ipsam,19,57,4/4/2023 11:31
526,vel et impedit,19,66,4/4/2023 11:31
527,suscipit consequatur excepturi,19,67,4/4/2023 11:31
528,perferendis dignissimos eligendi,19,70,4/4/2023 11:31
529,illo nostrum quam,19,71,4/4/2023 11:31
530,quae atque nobis,19,73,4/4/2023 11:31
531,voluptatem id est,19,75,4/4/2023 11:31
532,autem praesentium minus,19,76,4/4/2023 11:31
533,quam temporibus eum,19,91,4/4/2023 11:31
534,nesciunt saepe praesentium,19,93,4/4/2023 11:31
535,doloribus occaecati laborum,19,95,4/4/2023 11:31
536,dolorum qui odit,19,97,4/4/2023 11:31
537,a doloribus architecto,19,98,4/4/2023 11:31
538,ad nobis ipsum,19,99,4/4/2023 11:31
539,laudantium provident qui,19,100,4/4/2023 11:31
540,quod ipsam optio,20,2,4/4/2023 11:31
541,consectetur suscipit dolores,20,5,4/4/2023 11:31
542,consectetur natus provident,20,14,4/4/2023 11:31
543,voluptatibus dolorem ab,20,17,4/4/2023 11:31
544,laboriosam deserunt suscipit,20,21,4/4/2023 11:31
545,voluptatibus aliquid mollitia,20,24,4/4/2023 11:31
546,nostrum sed aliquid,20,36,4/4/2023 11:31
547,nihil qui omnis,20,41,4/4/2023 11:31
548,pariatur sunt est,20,43,4/4/2023 11:31
549,aut aut eaque,20,52,4/4/2023 11:31
550,qui sequi est,20,54,4/4/2023 11:31
551,odit sed omnis,20,56,4/4/2023 11:31
552,illo aut molestiae,20,57,4/4/2023 11:31
553,eligendi voluptatem cupiditate,20,60,4/4/2023 11:31
554,corrupti qui earum,20,66,4/4/2023 11:31
555,veniam qui cupiditate,20,67,4/4/2023 11:31
556,illum dolore est,20,71,4/4/2023 11:31
557,et enim debitis,20,73,4/4/2023 11:31
558,cum sed sit,20,75,4/4/2023 11:31
559,tempore ut voluptas,20,76,4/4/2023 11:31
560,vel fugit et,20,82,4/4/2023 11:31
561,ab sit dignissimos,20,85,4/4/2023 11:31
562,assumenda vel enim,20,91,4/4/2023 11:31
563,consequatur consequatur reiciendis,20,96,4/4/2023 11:31
564,distinctio quae fuga,20,97,4/4/2023 11:31
565,aliquid magnam dicta,20,98,4/4/2023 11:31
566,id in quaerat,21,3,4/4/2023 11:31
567,neque quos pariatur,21,4,4/4/2023 11:31
568,iusto enim excepturi,21,5,4/4/2023 11:31
569,consequatur libero pariatur,21,6,4/4/2023 11:31
570,ducimus non earum,21,8,4/4/2023 11:31
571,omnis praesentium nihil,21,14,4/4/2023 11:31
572,harum earum ut,21,17,4/4/2023 11:31
573,sed cum repellat,21,18,4/4/2023 11:31
574,esse adipisci praesentium,21,20,4/4/2023 11:31
575,modi quae ut,21,21,4/4/2023 11:31
576,incidunt et laudantium,21,24,4/4/2023 11:31
577,sunt excepturi esse,21,27,4/4/2023 11:31
578,qui a officiis,21,36,4/4/2023 11:31
579,necessitatibus sunt cumque,21,39,4/4/2023 11:31
580,est recusandae harum,21,41,4/4/2023 11:31
581,exercitationem nam molestias,21,48,4/4/2023 11:31
582,vitae corrupti et,21,54,4/4/2023 11:31
583,debitis omnis dolor,21,57,4/4/2023 11:31
584,dolor culpa inventore,21,65,4/4/2023 11:31
585,omnis aut delectus,21,66,4/4/2023 11:31
586,at accusantium et,21,70,4/4/2023 11:31
587,alias deleniti sequi,21,71,4/4/2023 11:31
588,ipsum aut et,21,75,4/4/2023 11:31
589,aut ut et,21,76,4/4/2023 11:31
590,saepe reprehenderit doloremque,21,79,4/4/2023 11:31
591,placeat quo ab,21,87,4/4/2023 11:31
592,vitae quia laudantium,21,91,4/4/2023 11:31
593,cupiditate ratione earum,21,97,4/4/2023 11:31
594,aut id reprehenderit,21,100,4/4/2023 11:31
595,non deleniti exercitationem,22,5,4/4/2023 11:31
596,nihil dolor suscipit,22,8,4/4/2023 11:31
597,quisquam dolore blanditiis,22,12,4/4/2023 11:31
598,accusamus et impedit,22,13,4/4/2023 11:31
599,enim similique veniam,22,14,4/4/2023 11:31
600,modi sint aliquam,22,16,4/4/2023 11:31
601,dolores inventore dolores,22,20,4/4/2023 11:31
602,quis ut hic,22,21,4/4/2023 11:31
603,sit voluptatibus atque,22,24,4/4/2023 11:31
604,aut et minima,22,26,4/4/2023 11:31
605,sint doloremque corrupti,22,31,4/4/2023 11:31
606,iure temporibus sed,22,36,4/4/2023 11:31
607,blanditiis eum eum,22,38,4/4/2023 11:31
608,illum non ab,22,40,4/4/2023 11:31
609,consequatur veniam est,22,41,4/4/2023 11:31
610,rerum adipisci et,22,43,4/4/2023 11:31
611,placeat dolor esse,22,46,4/4/2023 11:31
612,suscipit reprehenderit enim,22,52,4/4/2023 11:31
613,sit voluptas sed,22,54,4/4/2023 11:31
614,cum reprehenderit id,22,55,4/4/2023 11:31
615,est enim ut,22,57,4/4/2023 11:31
616,quam placeat esse,22,65,4/4/2023 11:31
617,veritatis explicabo corrupti,22,66,4/4/2023 11:31
618,et non facere,22,67,4/4/2023 11:31
619,officia ut non,22,71,4/4/2023 11:31
620,ut placeat omnis,22,72,4/4/2023 11:31
621,sunt harum nemo,22,75,4/4/2023 11:31
622,eligendi omnis nihil,22,76,4/4/2023 11:31
623,omnis voluptatem aliquid,22,79,4/4/2023 11:31
624,tempora ut cumque,22,82,4/4/2023 11:31
625,dolores omnis quae,22,91,4/4/2023 11:31
626,dolore tempore aperiam,22,94,4/4/2023 11:31
627,possimus fuga eveniet,22,97,4/4/2023 11:31
628,ut consequuntur nemo,22,99,4/4/2023 11:31
629,eligendi maiores et,23,2,4/4/2023 11:31
630,in aut voluptatem,23,5,4/4/2023 11:31
631,tenetur vel repudiandae,23,10,4/4/2023 11:31
632,sapiente unde sapiente,23,14,4/4/2023 11:31
633,cumque optio et,23,16,4/4/2023 11:31
634,accusantium rerum aut,23,21,4/4/2023 11:31
635,laboriosam quae ea,23,22,4/4/2023 11:31
636,molestias corporis qui,23,24,4/4/2023 11:31
637,dolorem ut sint,23,28,4/4/2023 11:31
638,ea eligendi voluptatem,23,31,4/4/2023 11:31
639,ut sequi asperiores,23,36,4/4/2023 11:31
640,sint nihil aut,23,38,4/4/2023 11:31
641,dicta fuga molestiae,23,41,4/4/2023 11:31
642,est hic est,23,42,4/4/2023 11:31
643,et dignissimos ratione,23,54,4/4/2023 11:31
644,neque aut odio,23,57,4/4/2023 11:31
645,beatae et et,23,66,4/4/2023 11:31
646,reiciendis ad ducimus,23,70,4/4/2023 11:31
647,laboriosam aliquid tenetur,23,71,4/4/2023 11:31
648,quam et eum,23,73,4/4/2023 11:31
649,ullam et molestiae,23,75,4/4/2023 11:31
650,suscipit beatae quod,23,76,4/4/2023 11:31
651,in earum ea,23,78,4/4/2023 11:31
652,similique enim ut,23,82,4/4/2023 11:31
653,aut fugiat voluptas,23,91,4/4/2023 11:31
654,aperiam praesentium et,23,93,4/4/2023 11:31
655,aut ea consectetur,24,5,4/4/2023 11:31
656,animi qui unde,24,9,4/4/2023 11:31
657,suscipit laborum omnis,24,10,4/4/2023 11:31
658,aliquam omnis a,24,14,4/4/2023 11:31
659,ut laudantium sint,24,15,4/4/2023 11:31
660,occaecati quas odit,24,17,4/4/2023 11:31
661,corrupti officia molestias,24,20,4/4/2023 11:31
662,autem laudantium nisi,24,21,4/4/2023 11:31
663,eos inventore sit,24,24,4/4/2023 11:31
664,aspernatur voluptatum et,24,27,4/4/2023 11:31
665,pariatur dolor voluptas,24,28,4/4/2023 11:31
666,est culpa at,24,36,4/4/2023 11:31
667,labore enim vitae,24,41,4/4/2023 11:31
668,sit corrupti asperiores,24,43,4/4/2023 11:31
669,vel quo vitae,24,47,4/4/2023 11:31
670,nulla quia tempora,24,50,4/4/2023 11:31
671,reiciendis et error,24,54,4/4/2023 11:31
672,eos nisi enim,24,57,4/4/2023 11:31
673,deleniti nulla veritatis,24,60,4/4/2023 11:31
674,nesciunt commodi eos,24,66,4/4/2023 11:31
675,numquam fugiat voluptate,24,67,4/4/2023 11:31
676,quis ullam itaque,24,71,4/4/2023 11:31
677,aliquam quia dolores,24,75,4/4/2023 11:31
678,quia et quibusdam,24,76,4/4/2023 11:31
679,architecto atque sapiente,24,91,4/4/2023 11:31
680,esse iste architecto,24,95,4/4/2023 11:31
681,et et et,25,4,4/4/2023 11:31
682,laudantium et hic,25,5,4/4/2023 11:31
683,quibusdam dolore quas,25,6,4/4/2023 11:31
684,reiciendis dolores laudantium,25,9,4/4/2023 11:31
685,dolor illum veritatis,25,13,4/4/2023 11:31
686,qui tempora totam,25,14,4/4/2023 11:31
687,eveniet inventore itaque,25,21,4/4/2023 11:31
688,officia explicabo amet,25,24,4/4/2023 11:31
689,est doloribus asperiores,25,28,4/4/2023 11:31
690,vel assumenda voluptas,25,36,4/4/2023 11:31
691,commodi recusandae et,25,39,4/4/2023 11:31
692,fugit aut amet,25,41,4/4/2023 11:31
693,aut et consequatur,25,46,4/4/2023 11:31
694,blanditiis voluptatem incidunt,25,48,4/4/2023 11:31
695,exercitationem saepe atque,25,50,4/4/2023 11:31
696,in quam vitae,25,52,4/4/2023 11:31
697,alias et qui,25,54,4/4/2023 11:31
698,consequatur facilis unde,25,55,4/4/2023 11:31
699,voluptas voluptatem ab,25,57,4/4/2023 11:31
700,sit nesciunt minima,25,66,4/4/2023 11:31
701,libero pariatur dolorum,25,67,4/4/2023 11:31
702,minima fugit ab,25,71,4/4/2023 11:31
703,atque non dolores,25,72,4/4/2023 11:31
704,fugiat repudiandae adipisci,25,75,4/4/2023 11:31
705,ut architecto est,25,76,4/4/2023 11:31
706,quibusdam aut quisquam,25,78,4/4/2023 11:31
707,assumenda rerum ea,25,79,4/4/2023 11:31
708,id qui quo,25,84,4/4/2023 11:31
709,quidem consectetur illum,25,85,4/4/2023 11:31
710,necessitatibus aperiam voluptas,25,91,4/4/2023 11:31
711,dolor amet qui,25,96,4/4/2023 11:31
712,similique similique fuga,25,97,4/4/2023 11:31
713,aut quia similique,25,98,4/4/2023 11:31
714,voluptas ducimus consequatur,26,5,4/4/2023 11:31
715,voluptatem non sit,26,8,4/4/2023 11:31
716,quidem officia aliquid,26,11,4/4/2023 11:31
717,aut fuga et,26,13,4/4/2023 11:31
718,est velit molestiae,26,14,4/4/2023 11:31
719,ipsum accusamus dolorem,26,15,4/4/2023 11:31
720,eveniet nulla minus,26,17,4/4/2023 11:31
721,debitis accusantium laboriosam,26,18,4/4/2023 11:31
722,temporibus ea porro,26,20,4/4/2023 11:31
723,vel sed omnis,26,21,4/4/2023 11:31
724,molestiae ea soluta,26,24,4/4/2023 11:31
725,pariatur ut quia,26,27,4/4/2023 11:31
726,cupiditate enim non,26,30,4/4/2023 11:31
727,ab pariatur ut,26,33,4/4/2023 11:31
728,et voluptatibus est,26,35,4/4/2023 11:31
729,rerum corporis sapiente,26,36,4/4/2023 11:31
730,earum et dolorum,26,39,4/4/2023 11:31
731,et neque adipisci,26,41,4/4/2023 11:31
732,voluptas est ea,26,54,4/4/2023 11:31
733,id dignissimos dolor,26,55,4/4/2023 11:31
734,accusantium ab maxime,26,57,4/4/2023 11:31
735,unde quam laudantium,26,66,4/4/2023 11:31
736,omnis quod sit,26,70,4/4/2023 11:31
737,deserunt ea tenetur,26,71,4/4/2023 11:31
738,ut quam doloremque,26,75,4/4/2023 11:31
739,non quod vero,26,76,4/4/2023 11:31
740,porro illo reprehenderit,26,78,4/4/2023 11:31
741,ea et sapiente,26,82,4/4/2023 11:31
742,et beatae iusto,26,87,4/4/2023 11:31
743,dolorem reiciendis repellendus,26,91,4/4/2023 11:31
744,enim harum veniam,26,98,4/4/2023 11:31
745,voluptatem veniam nam,26,99,4/4/2023 11:31
746,aspernatur consectetur ea,26,100,4/4/2023 11:31
747,et odit quidem,27,3,4/4/2023 11:31
748,labore et saepe,27,4,4/4/2023 11:31
749,est et dolores,27,5,4/4/2023 11:31
750,occaecati cupiditate dolore,27,10,4/4/2023 11:31
751,placeat aut amet,27,14,4/4/2023 11:31
752,asperiores doloribus odit,27,18,4/4/2023 11:31
753,quaerat ad rerum,27,20,4/4/2023 11:31
754,ut ipsam quisquam,27,21,4/4/2023 11:31
755,voluptatem sed quas,27,24,4/4/2023 11:31
756,temporibus sunt atque,27,31,4/4/2023 11:31
757,officiis in consequatur,27,36,4/4/2023 11:31
758,tempora ex blanditiis,27,41,4/4/2023 11:31
759,non ut in,27,42,4/4/2023 11:31
760,omnis qui voluptate,27,54,4/4/2023 11:31
761,quia consequuntur nostrum,27,57,4/4/2023 11:31
762,et suscipit veritatis,27,66,4/4/2023 11:31
763,maiores rerum ut,27,69,4/4/2023 11:31
764,quasi et vel,27,71,4/4/2023 11:31
765,aliquid ut totam,27,72,4/4/2023 11:31
766,aspernatur et illo,27,75,4/4/2023 11:31
767,necessitatibus facere autem,27,76,4/4/2023 11:31
768,earum dolores optio,27,78,4/4/2023 11:31
769,facilis id eligendi,27,84,4/4/2023 11:31
770,et consequatur ea,27,91,4/4/2023 11:31
771,facilis culpa voluptatibus,27,93,4/4/2023 11:31
772,earum ratione perspiciatis,27,97,4/4/2023 11:31
773,vel autem officiis,27,98,4/4/2023 11:31
774,doloremque voluptatem omnis,28,5,4/4/2023 11:31
775,mollitia perspiciatis et,28,13,4/4/2023 11:31
776,maiores placeat autem,28,14,4/4/2023 11:31
777,eos sit quidem,28,15,4/4/2023 11:31
778,dolorum dignissimos quia,28,21,4/4/2023 11:31
779,quam alias sed,28,24,4/4/2023 11:31
780,et qui dolores,28,28,4/4/2023 11:31
781,ex dolorum sequi,28,30,4/4/2023 11:31
782,aut vel dolores,28,32,4/4/2023 11:31
783,quos soluta est,28,35,4/4/2023 11:31
784,aspernatur et quia,28,36,4/4/2023 11:31
785,accusantium nesciunt dolores,28,41,4/4/2023 11:31
786,unde velit dolor,28,47,4/4/2023 11:31
787,soluta maxime expedita,28,50,4/4/2023 11:31
788,aperiam optio possimus,28,54,4/4/2023 11:31
789,nostrum earum quisquam,28,57,4/4/2023 11:31
790,optio quibusdam et,28,60,4/4/2023 11:31
791,in deserunt asperiores,28,61,4/4/2023 11:31
792,voluptatem est tempore,28,63,4/4/2023 11:31
793,omnis velit id,28,66,4/4/2023 11:31
794,molestiae laudantium ratione,28,67,4/4/2023 11:31
795,debitis aliquid aperiam,28,71,4/4/2023 11:31
796,iusto ut labore,28,75,4/4/2023 11:31
797,reiciendis rem sit,28,76,4/4/2023 11:31
798,ratione voluptas beatae,28,78,4/4/2023 11:31
799,quam et culpa,28,91,4/4/2023 11:31
800,laboriosam rerum occaecati,28,92,4/4/2023 11:31
801,tenetur occaecati consequatur,28,97,4/4/2023 11:31
802,sint quod rerum,28,98,4/4/2023 11:31
803,iure quasi sunt,28,100,4/4/2023 11:31
804,laboriosam nihil expedita,29,3,4/4/2023 11:31
805,maiores ipsum voluptas,29,4,4/4/2023 11:31
806,corrupti repellat sunt,29,5,4/4/2023 11:31
807,delectus illum tempora,29,6,4/4/2023 11:31
808,suscipit accusantium qui,29,9,4/4/2023 11:31
809,corporis corporis repudiandae,29,10,4/4/2023 11:31
810,fugiat aut neque,29,12,4/4/2023 11:31
811,sint omnis iste,29,14,4/4/2023 11:31
812,eligendi a pariatur,29,15,4/4/2023 11:31
813,itaque veritatis quod,29,16,4/4/2023 11:31
814,animi illo eos,29,20,4/4/2023 11:31
815,eum dolorem molestias,29,21,4/4/2023 11:31
816,facilis sequi voluptatem,29,22,4/4/2023 11:31
817,porro magni cum,29,24,4/4/2023 11:31
818,doloribus ab consequatur,29,27,4/4/2023 11:31
819,et in voluptatem,29,28,4/4/2023 11:31
820,repellendus voluptatem accusamus,29,31,4/4/2023 11:31
821,nesciunt rerum dicta,29,33,4/4/2023 11:31
822,quos vel dolor,29,36,4/4/2023 11:31
823,saepe quas sint,29,37,4/4/2023 11:31
824,quaerat ratione voluptas,29,39,4/4/2023 11:31
825,iure quaerat repudiandae,29,40,4/4/2023 11:31
826,soluta iusto quas,29,41,4/4/2023 11:31
827,veritatis ullam pariatur,29,54,4/4/2023 11:31
828,corrupti at repudiandae,29,57,4/4/2023 11:31
829,nostrum quibusdam iusto,29,63,4/4/2023 11:31
830,libero nulla quia,29,66,4/4/2023 11:31
831,veniam et molestiae,29,71,4/4/2023 11:31
832,veritatis porro fugiat,29,72,4/4/2023 11:31
833,pariatur at optio,29,73,4/4/2023 11:31
834,quia dolores ad,29,75,4/4/2023 11:31
835,quis sit blanditiis,29,76,4/4/2023 11:31
836,libero sint quo,29,91,4/4/2023 11:31
837,deserunt voluptates non,29,94,4/4/2023 11:31
838,iste perferendis quis,29,95,4/4/2023 11:31
839,sunt sed in,29,98,4/4/2023 11:31
840,est esse voluptates,30,5,4/4/2023 11:31
841,iure dicta aliquid,30,14,4/4/2023 11:31
842,ut et dolores,30,17,4/4/2023 11:31
843,placeat velit autem,30,20,4/4/2023 11:31
844,voluptas ab ut,30,21,4/4/2023 11:31
845,veritatis vitae in,30,22,4/4/2023 11:31
846,nostrum quo id,30,24,4/4/2023 11:31
847,qui quidem est,30,28,4/4/2023 11:31
848,minima ex voluptatem,30,33,4/4/2023 11:31
849,voluptatem placeat magnam,30,36,4/4/2023 11:31
850,animi modi in,30,39,4/4/2023 11:31
851,aperiam ullam dolorum,30,40,4/4/2023 11:31
852,ad ut et,30,41,4/4/2023 11:31
853,ut laboriosam tenetur,30,43,4/4/2023 11:31
854,expedita dolor iusto,30,44,4/4/2023 11:31
855,enim quas consequatur,30,54,4/4/2023 11:31
856,in harum eum,30,56,4/4/2023 11:31
857,qui iusto deserunt,30,57,4/4/2023 11:31
858,iste dolore voluptatem,30,66,4/4/2023 11:31
859,ratione temporibus est,30,71,4/4/2023 11:31
860,corrupti quo quisquam,30,72,4/4/2023 11:31
861,magni et fugit,30,75,4/4/2023 11:31
862,totam voluptate nobis,30,76,4/4/2023 11:31
863,autem doloribus architecto,30,78,4/4/2023 11:31
864,commodi adipisci nihil,30,79,4/4/2023 11:31
865,animi quod incidunt,30,82,4/4/2023 11:31
866,eos voluptas aliquid,30,91,4/4/2023 11:31
867,voluptas recusandae voluptatem,30,92,4/4/2023 11:31
868,et voluptatibus quidem,30,96,4/4/2023 11:31
869,est sunt perferendis,30,100,4/4/2023 11:31
870,vel consectetur consequatur,31,5,4/4/2023 11:31
871,est alias nostrum,31,8,4/4/2023 11:31
872,corporis ut odit,31,12,4/4/2023 11:31
873,voluptate est iusto,31,14,4/4/2023 11:31
874,et ullam dolor,31,15,4/4/2023 11:31
875,tenetur rerum cumque,31,17,4/4/2023 11:31
876,non quaerat et,31,21,4/4/2023 11:31
877,odio aut quia,31,22,4/4/2023 11:31
878,quam in aut,31,24,4/4/2023 11:31
879,quisquam dicta autem,31,32,4/4/2023 11:31
880,aut qui odio,31,35,4/4/2023 11:31
881,sit similique hic,31,36,4/4/2023 11:31
882,est illum nisi,31,37,4/4/2023 11:31
883,omnis rerum consequatur,31,40,4/4/2023 11:31
884,neque tempore iure,31,41,4/4/2023 11:31
885,minima natus nemo,31,46,4/4/2023 11:31
886,corporis illo ex,31,47,4/4/2023 11:31
887,sapiente ipsum ipsam,31,54,4/4/2023 11:31
888,fugiat quia optio,31,57,4/4/2023 11:31
889,maxime debitis sapiente,31,60,4/4/2023 11:31
890,quae quam aspernatur,31,62,4/4/2023 11:31
891,ullam et ut,31,66,4/4/2023 11:31
892,accusamus voluptas dolor,31,69,4/4/2023 11:31
893,praesentium dolorem ut,31,70,4/4/2023 11:31
894,nulla quasi autem,31,71,4/4/2023 11:31
895,dicta esse quia,31,72,4/4/2023 11:31
896,nemo perspiciatis quibusdam,31,75,4/4/2023 11:31
897,ut repudiandae dolorum,31,76,4/4/2023 11:31
898,dolore nihil est,31,82,4/4/2023 11:31
899,a ratione nihil,31,87,4/4/2023 11:31
900,voluptatem tempora labore,31,91,4/4/2023 11:31
901,cumque quas molestias,31,96,4/4/2023 11:31
902,quod voluptatibus saepe,31,99,4/4/2023 11:31
903,non esse sit,31,100,4/4/2023 11:31
904,impedit quasi ut,32,5,4/4/2023 11:31
905,et error quaerat,32,8,4/4/2023 11:31
906,dolores consectetur eveniet,32,12,4/4/2023 11:31
907,quos quis nostrum,32,14,4/4/2023 11:31
908,officiis eos qui,32,21,4/4/2023 11:31
909,rerum delectus recusandae,32,22,4/4/2023 11:31
910,molestiae a itaque,32,24,4/4/2023 11:31
911,eum pariatur dolor,32,28,4/4/2023 11:31
912,autem maxime et,32,36,4/4/2023 11:31
913,excepturi quasi et,32,40,4/4/2023 11:31
914,fuga iste officiis,32,41,4/4/2023 11:31
915,et quae vel,32,50,4/4/2023 11:31
916,quisquam omnis in,32,54,4/4/2023 11:31
917,nesciunt reprehenderit sit,32,57,4/4/2023 11:31
918,quis ipsam eos,32,60,4/4/2023 11:31
919,amet veritatis perspiciatis,32,62,4/4/2023 11:31
920,omnis aliquid officiis,32,66,4/4/2023 11:31
921,voluptas porro voluptatem,32,71,4/4/2023 11:31
922,quibusdam sit officia,32,75,4/4/2023 11:31
923,nulla repudiandae eum,32,76,4/4/2023 11:31
924,amet distinctio aut,32,78,4/4/2023 11:31
925,iusto nostrum et,32,79,4/4/2023 11:31
926,optio voluptatem voluptas,32,82,4/4/2023 11:31
927,et magnam aut,32,91,4/4/2023 11:31
928,amet iste ut,32,92,4/4/2023 11:31
929,non ipsam eos,32,97,4/4/2023 11:31
930,beatae tempore sed,33,4,4/4/2023 11:31
931,rem rerum et,33,5,4/4/2023 11:31
932,architecto aut optio,33,14,4/4/2023 11:31
933,quo sint dolores,33,15,4/4/2023 11:31
934,sunt voluptatibus non,33,20,4/4/2023 11:31
935,eum aliquid illo,33,21,4/4/2023 11:31
936,quibusdam id est,33,24,4/4/2023 11:31
937,fugiat totam eligendi,33,26,4/4/2023 11:31
938,voluptas reiciendis amet,33,28,4/4/2023 11:31
939,id nostrum libero,33,36,4/4/2023 11:31
940,velit iusto dolorum,33,37,4/4/2023 11:31
941,dolor minima non,33,41,4/4/2023 11:31
942,eos reiciendis id,33,43,4/4/2023 11:31
943,magnam recusandae quia,33,50,4/4/2023 11:31
944,placeat tempora voluptates,33,54,4/4/2023 11:31
945,ut asperiores occaecati,33,55,4/4/2023 11:31
946,est adipisci dolores,33,57,4/4/2023 11:31
947,exercitationem odit enim,33,60,4/4/2023 11:31
948,est quidem tenetur,33,65,4/4/2023 11:31
949,distinctio fugit adipisci,33,66,4/4/2023 11:31
950,omnis officia atque,33,69,4/4/2023 11:31
951,fugiat sequi similique,33,71,4/4/2023 11:31
952,repudiandae voluptates quam,33,75,4/4/2023 11:31
953,provident aspernatur qui,33,76,4/4/2023 11:31
954,similique dolor doloribus,33,78,4/4/2023 11:31
955,distinctio dolor ut,33,84,4/4/2023 11:31
956,laboriosam ut quam,33,85,4/4/2023 11:31
957,qui molestiae saepe,33,87,4/4/2023 11:31
958,hic animi incidunt,33,91,4/4/2023 11:31
959,non accusamus aliquid,33,94,4/4/2023 11:31
960,necessitatibus et repudiandae,33,96,4/4/2023 11:31
961,rerum a quia,33,99,4/4/2023 11:31
962,a et sed,33,100,4/4/2023 11:31
963,et et voluptatem,34,5,4/4/2023 11:31
964,iusto quidem voluptas,34,6,4/4/2023 11:31
965,pariatur eos sint,34,8,4/4/2023 11:31
966,facilis recusandae aut,34,14,4/4/2023 11:31
967,sunt veniam eveniet,34,17,4/4/2023 11:31
968,at labore doloribus,34,21,4/4/2023 11:31
969,fuga iusto aspernatur,34,24,4/4/2023 11:31
970,dignissimos omnis omnis,34,36,4/4/2023 11:31
971,sunt distinctio repellendus,34,39,4/4/2023 11:31
972,quos iusto ut,34,41,4/4/2023 11:31
973,et consectetur velit,34,54,4/4/2023 11:31
974,est quaerat molestias,34,55,4/4/2023 11:31
975,commodi reprehenderit voluptatum,34,57,4/4/2023 11:31
976,qui natus non,34,65,4/4/2023 11:31
977,assumenda qui adipisci,34,66,4/4/2023 11:31
978,quibusdam culpa voluptatem,34,67,4/4/2023 11:31
979,accusamus et voluptatem,34,71,4/4/2023 11:31
980,cum iure iste,34,75,4/4/2023 11:31
981,minima non vitae,34,76,4/4/2023 11:31
982,sed fugiat deleniti,34,85,4/4/2023 11:31
983,autem quo et,34,91,4/4/2023 11:31
984,consequuntur autem accusantium,34,93,4/4/2023 11:31
985,et soluta aliquam,34,97,4/4/2023 11:31
986,possimus doloremque fuga,34,98,4/4/2023 11:31
987,non tenetur quod,34,100,4/4/2023 11:31
988,omnis temporibus pariatur,35,5,4/4/2023 11:31
989,ipsa ut provident,35,8,4/4/2023 11:31
990,quis nulla ullam,35,12,4/4/2023 11:31
991,consequuntur aut veritatis,35,14,4/4/2023 11:31
992,nisi eaque dolores,35,15,4/4/2023 11:31
993,est ullam suscipit,35,16,4/4/2023 11:31
994,aliquid sapiente ut,35,19,4/4/2023 11:31
995,placeat aspernatur saepe,35,21,4/4/2023 11:31
996,recusandae magnam ut,35,24,4/4/2023 11:31
997,incidunt qui blanditiis,35,27,4/4/2023 11:31
998,dolorem dolor sed,35,30,4/4/2023 11:31
999,dicta aut non,35,32,4/4/2023 11:31
1000,mollitia et praesentium,35,36,4/4/2023 11:31
